,Date,polarity
0,09/11/18,-50.0
1,12/11/18,0.0
2,13/11/18,0.0
3,13/11/18,0.0
4,13/11/18,0.0
5,13/11/18,-23.333333333333332
6,13/11/18,0.0
7,14/11/18,0.0
8,14/11/18,0.0
9,14/11/18,-2.142857142857143
10,15/11/18,-0.41666666666666585
11,15/11/18,0.0
12,16/11/18,0.0
13,16/11/18,0.0
14,16/11/18,0.0
15,16/11/18,0.0
16,16/11/18,0.0
17,16/11/18,0.0
18,16/11/18,-10.0
19,16/11/18,0.0
20,16/11/18,0.0
21,16/11/18,0.0
22,17/11/18,0.0
23,17/11/18,0.0
24,17/11/18,0.0
25,17/11/18,-12.5
26,18/11/18,0.0
27,18/11/18,0.0
28,18/11/18,0.0
29,19/11/18,0.0
30,19/11/18,20.0
31,19/11/18,0.0
32,19/11/18,20.0
33,19/11/18,0.0
34,20/11/18,0.0
35,20/11/18,0.0
36,20/11/18,0.0
37,20/11/18,0.0
38,20/11/18,0.0
39,20/11/18,-25.0
40,20/11/18,0.0
41,20/11/18,0.0
42,20/11/18,0.0
43,21/11/18,0.0
44,21/11/18,0.0
45,21/11/18,0.0
46,22/11/18,0.0
47,22/11/18,0.0
48,22/11/18,0.0
49,22/11/18,0.0
50,22/11/18,0.0
51,22/11/18,0.0
52,22/11/18,0.0
53,23/11/18,-26.666666666666668
54,24/11/18,-25.0
55,24/11/18,0.0
56,26/11/18,0.0
57,27/11/18,-4.833333333333335
58,27/11/18,0.0
59,27/11/18,0.0
60,27/11/18,-7.291666666666667
61,27/11/18,0.0
62,27/11/18,5.454545454545457
63,27/11/18,-43.333333333333336
64,27/11/18,0.0
65,27/11/18,0.0
66,27/11/18,0.0
67,28/11/18,0.0
68,28/11/18,-15.555555555555559
69,28/11/18,0.0
70,29/11/18,0.0
71,29/11/18,0.0
72,29/11/18,0.0
73,29/11/18,0.0
74,29/11/18,0.0
75,29/11/18,0.0
76,29/11/18,0.0
77,29/11/18,0.0
78,29/11/18,0.0
79,29/11/18,0.0
80,29/11/18,0.0
81,29/11/18,0.0
82,29/11/18,0.0
83,29/11/18,0.0
84,29/11/18,0.0
85,29/11/18,0.0
86,29/11/18,0.0
87,29/11/18,0.0
88,29/11/18,0.0
89,29/11/18,0.0
90,29/11/18,50.0
91,30/11/18,0.0
92,30/11/18,0.0
93,30/11/18,0.0
94,30/11/18,-6.666666666666665
95,30/11/18,0.0
96,30/11/18,0.0
97,30/11/18,0.0
98,30/11/18,0.0
99,30/11/18,0.0
100,30/11/18,0.0
101,01/12/18,0.0
102,01/12/18,0.0
103,01/12/18,0.0
104,01/12/18,0.0
105,01/12/18,0.0
106,01/12/18,0.0
107,01/12/18,0.0
108,03/12/18,0.0
109,03/12/18,0.0
110,03/12/18,0.0
111,03/12/18,0.0
112,03/12/18,0.0
113,03/12/18,0.0
114,03/12/18,0.0
115,04/12/18,0.0
116,04/12/18,0.0
117,04/12/18,0.0
118,05/12/18,-26.0
119,06/12/18,0.0
120,06/12/18,0.0
121,06/12/18,-16.666666666666664
122,06/12/18,0.0
123,06/12/18,0.0
124,06/12/18,0.0
125,06/12/18,0.0
126,06/12/18,0.0
127,06/12/18,12.5
128,06/12/18,0.0
129,06/12/18,25.0
130,06/12/18,0.0
131,06/12/18,0.0
132,06/12/18,0.0
133,07/12/18,-5.555555555555555
134,07/12/18,0.0
135,07/12/18,-50.0
136,07/12/18,0.0
137,07/12/18,0.0
138,07/12/18,0.0
139,07/12/18,0.0
140,09/12/18,0.0
141,09/12/18,-10.0
142,09/12/18,0.0
143,09/12/18,20.0
144,09/12/18,-15.625
145,09/12/18,0.0
146,09/12/18,-17.777777777777782
147,09/12/18,50.0
148,10/12/18,0.0
149,10/12/18,0.0
150,10/12/18,0.0
151,10/12/18,0.0
152,10/12/18,0.0
153,10/12/18,0.0
154,11/12/18,0.0
155,11/12/18,0.0
156,11/12/18,0.0
157,11/12/18,0.0
158,11/12/18,0.0
159,11/12/18,0.0
160,11/12/18,0.0
161,11/12/18,0.0
162,11/12/18,-16.666666666666664
163,11/12/18,0.0
164,12/12/18,0.0
165,12/12/18,0.0
166,12/12/18,0.0
167,12/12/18,-50.0
168,12/12/18,0.0
169,12/12/18,0.0
170,12/12/18,0.0
171,13/12/18,50.0
172,13/12/18,0.0
173,13/12/18,0.0
174,13/12/18,-75.0
175,13/12/18,0.0
176,13/12/18,37.5
177,14/12/18,0.0
178,15/12/18,23.333333333333332
179,17/12/18,0.0
180,17/12/18,0.0
181,17/12/18,0.0
182,20/12/18,0.0
183,24/12/18,0.0
184,24/12/18,0.0
185,24/12/18,0.0
186,24/12/18,0.0
187,27/12/18,0.0
188,27/12/18,0.0
189,01/01/19,-5.416666666666667
190,02/01/19,50.0
191,02/01/19,0.0
192,02/01/19,0.0
193,02/01/19,0.0
194,02/01/19,0.0
195,02/01/19,0.0
196,02/01/19,0.0
197,02/01/19,0.0
198,02/01/19,0.0
199,02/01/19,-15.555555555555559
200,02/01/19,0.0
201,02/01/19,0.0
202,02/01/19,0.0
203,02/01/19,0.0
204,03/01/19,0.0
205,03/01/19,0.0
206,06/01/19,0.0
207,06/01/19,0.0
208,06/01/19,0.0
209,06/01/19,0.0
210,06/01/19,0.0
211,06/01/19,0.0
212,06/01/19,50.0
213,07/01/19,0.0
214,07/01/19,0.0
215,07/01/19,0.0
216,07/01/19,0.0
217,07/01/19,0.0
218,07/01/19,0.0
219,08/01/19,20.833333333333332
220,08/01/19,-16.666666666666664
221,09/01/19,0.0
222,09/01/19,0.0
223,09/01/19,0.0
224,09/01/19,0.0
225,10/01/19,0.0
226,11/01/19,0.0
227,12/01/19,57.49999999999999
228,12/01/19,0.0
229,12/01/19,28.444010416666664
230,13/01/19,0.0
231,13/01/19,0.0
232,15/01/19,0.0
233,15/01/19,0.0
234,16/01/19,0.0
235,16/01/19,0.0
236,17/01/19,0.0
237,18/01/19,0.0
238,20/01/19,0.0
239,21/01/19,0.0
240,21/01/19,0.0
241,23/01/19,0.0
242,23/01/19,0.0
243,23/01/19,0.0
244,23/01/19,0.0
245,23/01/19,0.0
246,23/01/19,50.0
247,23/01/19,0.0
248,24/01/19,0.0
249,24/01/19,0.0
250,24/01/19,0.0
251,24/01/19,0.0
252,25/01/19,0.0
253,27/01/19,9.000000000000002
254,31/01/19,0.0
255,31/01/19,0.0
256,31/01/19,0.0
257,31/01/19,0.0
258,31/01/19,0.0
259,31/01/19,0.0
260,02/02/19,58.34263392857143
261,02/02/19,0.0
262,02/02/19,50.0
263,04/02/19,0.0
264,04/02/19,5.555555555555555
265,04/02/19,0.0
266,04/02/19,0.0
267,04/02/19,0.0
268,04/02/19,0.0
269,04/02/19,0.0
270,04/02/19,0.0
271,04/02/19,0.0
272,04/02/19,0.0
273,05/02/19,0.0
274,05/02/19,0.0
275,05/02/19,0.0
276,05/02/19,0.0
277,05/02/19,0.0
278,05/02/19,0.0
279,06/02/19,0.0
280,07/02/19,0.0
281,07/02/19,0.0
282,07/02/19,0.0
283,07/02/19,0.0
284,07/02/19,0.0
285,07/02/19,0.0
286,07/02/19,0.0
287,07/02/19,0.0
288,07/02/19,0.0
289,07/02/19,0.0
290,07/02/19,0.0
291,11/02/19,-10.0
292,14/02/19,0.0
293,19/02/19,47.5
294,19/02/19,-5.75
295,20/02/19,0.0
296,20/02/19,0.0
297,20/02/19,0.0
298,20/02/19,0.0
299,20/02/19,0.0
300,20/02/19,50.0
301,21/02/19,16.666666666666664
302,21/02/19,0.0
303,21/02/19,0.0
304,21/02/19,0.0
305,22/02/19,0.0
306,22/02/19,0.0
307,22/02/19,0.0
308,22/02/19,0.0
309,22/02/19,0.0
310,22/02/19,-10.0
311,24/02/19,-10.0
312,24/02/19,-25.0
313,24/02/19,1.1458333333333324
314,25/02/19,0.0
315,25/02/19,0.0
316,25/02/19,0.0
317,26/02/19,-2.4999999999999996
318,26/02/19,25.178571428571427
319,27/02/19,0.0
320,27/02/19,0.0
321,01/03/19,0.0
322,01/03/19,0.0
323,01/03/19,0.0
324,02/03/19,0.0
325,02/03/19,0.0
326,05/03/19,0.0
327,06/03/19,13.333333333333334
328,06/03/19,0.0
329,07/03/19,13.636363636363635
330,07/03/19,0.0
331,07/03/19,0.0
332,07/03/19,0.0
333,08/03/19,0.0
334,08/03/19,0.0
335,08/03/19,0.0
336,08/03/19,7.5
337,08/03/19,0.0
338,08/03/19,58.21428571428571
339,08/03/19,30.0
340,08/03/19,0.0
341,08/03/19,0.0
342,14/03/19,12.5
343,15/03/19,0.0
344,15/03/19,0.0
345,15/03/19,0.0
346,15/03/19,0.0
347,15/03/19,0.0
348,15/03/19,0.0
349,15/03/19,6.25
350,15/03/19,50.0
351,16/03/19,0.0
352,16/03/19,0.0
353,16/03/19,0.0
354,16/03/19,0.0
355,16/03/19,0.0
356,16/03/19,0.0
357,16/03/19,0.0
358,16/03/19,0.0
359,16/03/19,0.0
360,16/03/19,0.0
361,16/03/19,0.0
362,16/03/19,0.0
363,17/03/19,0.0
364,17/03/19,0.0
365,17/03/19,30.0
366,18/03/19,0.0
367,19/03/19,0.0
368,19/03/19,0.0
369,19/03/19,0.0
370,19/03/19,0.0
371,19/03/19,0.0
372,19/03/19,0.0
373,19/03/19,0.0
374,19/03/19,0.0
375,20/03/19,0.0
376,20/03/19,0.0
377,20/03/19,0.0
378,20/03/19,0.0
379,20/03/19,0.0
380,20/03/19,0.0
381,20/03/19,0.0
382,21/03/19,38.0
383,22/03/19,20.0
384,22/03/19,0.0
385,22/03/19,0.0
386,22/03/19,0.0
387,22/03/19,0.0
388,23/03/19,0.0
389,24/03/19,0.0
390,25/03/19,30.0
391,26/03/19,0.0
392,26/03/19,0.0
393,26/03/19,0.0
394,26/03/19,0.0
395,26/03/19,0.0
396,26/03/19,0.0
397,26/03/19,0.0
398,26/03/19,0.0
399,27/03/19,0.0
400,27/03/19,40.00000000000001
401,27/03/19,0.0
402,27/03/19,0.0
403,27/03/19,0.0
404,27/03/19,0.0
405,27/03/19,0.0
406,27/03/19,0.0
407,28/03/19,0.0
408,28/03/19,0.0
409,28/03/19,20.0
410,28/03/19,0.0
411,28/03/19,0.0
412,28/03/19,0.0
413,29/03/19,0.0
414,29/03/19,0.0
415,29/03/19,0.0
416,29/03/19,5.833333333333333
417,29/03/19,14.09090909090909
418,02/04/19,0.0
419,02/04/19,0.0
420,03/04/19,0.0
421,03/04/19,0.0
422,03/04/19,0.0
423,04/04/19,0.0
424,04/04/19,0.0
425,08/04/19,0.0
426,08/04/19,0.0
427,08/04/19,0.0
428,08/04/19,0.0
429,08/04/19,0.0
430,08/04/19,0.0
431,08/04/19,0.0
432,08/04/19,0.0
433,08/04/19,12.321428571428571
434,09/04/19,0.0
435,09/04/19,0.0
436,09/04/19,0.0
437,09/04/19,25.0
438,10/04/19,0.0
439,10/04/19,0.0
440,10/04/19,0.0
441,10/04/19,0.0
442,10/04/19,0.0
443,11/04/19,0.0
444,11/04/19,0.0
445,11/04/19,0.0
446,11/04/19,0.0
447,11/04/19,0.0
448,11/04/19,0.0
449,11/04/19,-24.6875
450,11/04/19,0.0
451,11/04/19,0.0
452,11/04/19,0.0
453,11/04/19,0.0
454,12/04/19,0.0
455,12/04/19,0.0
456,13/04/19,0.0
457,13/04/19,0.0
458,13/04/19,0.0
459,15/04/19,0.0
460,15/04/19,0.0
461,15/04/19,-12.5
462,15/04/19,0.0
463,16/04/19,0.0
464,16/04/19,0.0
465,16/04/19,0.0
466,16/04/19,0.0
467,17/04/19,0.0
468,17/04/19,0.0
469,17/04/19,0.0
470,17/04/19,0.0
471,18/04/19,0.0
472,18/04/19,0.0
473,19/04/19,0.0
474,19/04/19,0.0
475,19/04/19,0.0
476,19/04/19,0.0
477,19/04/19,0.0
478,19/04/19,0.0
479,19/04/19,0.0
480,19/04/19,0.0
481,19/04/19,0.0
482,20/04/19,0.0
483,20/04/19,0.0
484,20/04/19,-12.5
485,20/04/19,0.0
486,20/04/19,0.0
487,20/04/19,-12.5
488,21/04/19,0.0
489,21/04/19,0.0
490,24/04/19,0.0
491,24/04/19,0.0
492,24/04/19,0.0
493,30/04/19,0.0
494,04/05/19,0.0
495,04/05/19,11.623376623376625
496,09/05/19,0.0
497,09/05/19,0.0
498,10/05/19,40.0
499,10/05/19,-50.0
500,11/05/19,0.0
501,12/05/19,25.0
502,13/05/19,0.0
503,13/05/19,0.0
504,13/05/19,0.0
505,13/05/19,50.0
506,13/05/19,0.0
507,13/05/19,0.0
508,13/05/19,0.0
509,13/05/19,26.666666666666668
510,13/05/19,0.0
511,13/05/19,0.0
512,13/05/19,17.857142857142858
513,13/05/19,0.0
514,13/05/19,0.0
515,13/05/19,70.0
516,13/05/19,0.0
517,14/05/19,0.0
518,14/05/19,0.0
519,14/05/19,20.0
520,14/05/19,0.0
521,14/05/19,0.0
522,16/05/19,0.0
523,16/05/19,0.0
524,17/05/19,10.952380952380954
525,17/05/19,0.0
526,18/05/19,0.0
527,18/05/19,50.0
528,18/05/19,0.0
529,18/05/19,0.0
530,18/05/19,0.0
531,18/05/19,0.0
532,20/05/19,0.0
533,24/05/19,0.0
534,12/06/19,7.916666666666668
535,13/06/19,0.0
536,13/06/19,17.991071428571427
537,25/06/19,0.0
538,04/07/19,0.0
539,04/07/19,0.0
540,08/07/19,0.0
541,08/07/19,0.0
542,11/07/19,0.0
543,13/07/19,0.0
544,13/07/19,0.0
545,13/07/19,0.0
546,13/07/19,0.0
547,13/07/19,25.0
548,13/07/19,0.0
549,14/07/19,0.0
550,14/07/19,40.0
551,14/07/19,25.0
552,14/07/19,100.0
553,14/07/19,0.0
554,14/07/19,40.0
555,14/07/19,0.0
556,14/07/19,0.0
557,14/07/19,0.0
558,14/07/19,0.0
559,14/07/19,0.0
560,14/07/19,0.0
561,14/07/19,8.928571428571429
562,14/07/19,0.0
563,15/07/19,0.0
564,15/07/19,0.0
565,15/07/19,40.0
566,15/07/19,0.0
567,15/07/19,0.0
568,16/07/19,0.0
569,16/07/19,0.0
570,16/07/19,0.0
571,16/07/19,0.0
572,16/07/19,35.0
573,16/07/19,0.0
574,16/07/19,0.0
575,16/07/19,0.0
576,16/07/19,0.0
577,16/07/19,0.0
578,16/07/19,0.0
579,16/07/19,0.0
580,16/07/19,0.0
581,16/07/19,0.0
582,16/07/19,0.0
583,16/07/19,0.0
584,16/07/19,0.0
585,17/07/19,0.0
586,17/07/19,0.0
587,17/07/19,37.5
588,17/07/19,0.0
589,17/07/19,0.0
590,17/07/19,0.0
591,17/07/19,0.0
592,18/07/19,0.0
593,18/07/19,0.0
594,18/07/19,0.0
595,18/07/19,0.0
596,18/07/19,0.0
597,18/07/19,0.0
598,18/07/19,0.0
599,19/07/19,-5.250000000000001
600,21/07/19,0.0
601,21/07/19,0.0
602,21/07/19,50.0
603,22/07/19,20.0
604,22/07/19,0.0
605,22/07/19,-13.333333333333334
606,22/07/19,0.0
607,23/07/19,0.0
608,23/07/19,-6.25
609,23/07/19,0.0
610,23/07/19,0.0
611,23/07/19,0.0
612,23/07/19,45.0
613,23/07/19,0.0
614,23/07/19,0.0
615,23/07/19,-20.0
616,23/07/19,6.8181818181818175
617,23/07/19,-13.333333333333334
618,23/07/19,16.666666666666664
619,23/07/19,0.0
620,23/07/19,70.0
621,23/07/19,0.0
622,23/07/19,0.0
623,23/07/19,-16.666666666666664
624,23/07/19,0.0
625,23/07/19,0.0
626,24/07/19,0.0
627,24/07/19,0.0
628,24/07/19,0.0
629,24/07/19,0.0
630,24/07/19,0.0
631,24/07/19,0.0
632,24/07/19,0.0
633,24/07/19,0.0
634,24/07/19,0.0
635,24/07/19,0.0
636,24/07/19,0.0
637,24/07/19,0.0
638,24/07/19,4.166666666666667
639,24/07/19,0.0
640,24/07/19,21.25
641,24/07/19,0.0
642,24/07/19,0.0
643,24/07/19,50.0
644,24/07/19,0.0
645,24/07/19,0.0
646,24/07/19,0.0
647,24/07/19,0.0
648,24/07/19,0.0
649,24/07/19,0.0
650,24/07/19,0.0
651,24/07/19,100.0
652,24/07/19,0.0
653,24/07/19,0.0
654,24/07/19,0.0
655,24/07/19,0.0
656,24/07/19,0.0
657,24/07/19,0.0
658,24/07/19,0.0
659,24/07/19,50.0
660,24/07/19,0.0
661,24/07/19,0.0
662,24/07/19,0.0
663,24/07/19,0.0
664,24/07/19,50.0
665,24/07/19,0.0
666,24/07/19,0.0
667,24/07/19,0.0
668,24/07/19,39.285714285714285
669,24/07/19,0.0
670,24/07/19,40.0
671,24/07/19,0.0
672,24/07/19,0.0
673,24/07/19,0.0
674,24/07/19,50.0
675,24/07/19,0.0
676,25/07/19,0.0
677,25/07/19,0.0
678,25/07/19,0.0
679,25/07/19,18.75
680,25/07/19,0.0
681,25/07/19,0.0
682,25/07/19,0.0
683,25/07/19,0.0
684,25/07/19,0.0
685,25/07/19,28.57142857142857
686,25/07/19,0.0
687,25/07/19,0.0
688,25/07/19,0.0
689,25/07/19,0.0
690,25/07/19,0.0
691,25/07/19,80.0
692,25/07/19,-8.333333333333332
693,25/07/19,0.0
694,25/07/19,0.0
695,25/07/19,0.0
696,25/07/19,-16.666666666666664
697,25/07/19,0.0
698,25/07/19,40.0
699,25/07/19,50.0
700,25/07/19,0.0
701,25/07/19,0.0
702,25/07/19,0.0
703,25/07/19,0.0
704,25/07/19,0.0
705,25/07/19,35.0
706,25/07/19,0.0
707,25/07/19,0.0
708,25/07/19,0.0
709,25/07/19,-5.0
710,25/07/19,0.0
711,25/07/19,0.0
712,25/07/19,0.0
713,26/07/19,0.0
714,26/07/19,0.0
715,26/07/19,0.0
716,26/07/19,50.0
717,26/07/19,50.0
718,26/07/19,0.0
719,26/07/19,0.0
720,26/07/19,0.0
721,26/07/19,0.0
722,28/07/19,0.0
723,28/07/19,0.0
724,29/07/19,0.0
725,29/07/19,0.0
726,29/07/19,0.0
727,29/07/19,0.0
728,29/07/19,0.0
729,29/07/19,0.0
730,29/07/19,0.0
731,29/07/19,0.0
732,29/07/19,0.0
733,30/07/19,0.0
734,30/07/19,0.0
735,30/07/19,0.0
736,30/07/19,0.0
737,30/07/19,0.0
738,30/07/19,0.0
739,30/07/19,0.0
740,30/07/19,0.0
741,30/07/19,0.0
742,30/07/19,0.0
743,30/07/19,0.0
744,30/07/19,0.0
745,30/07/19,0.0
746,30/07/19,0.0
747,30/07/19,0.0
748,30/07/19,0.0
749,30/07/19,25.0
750,30/07/19,0.0
751,30/07/19,0.0
752,31/07/19,0.0
753,31/07/19,0.0
754,31/07/19,0.0
755,31/07/19,0.0
756,31/07/19,0.0
757,31/07/19,0.0
758,31/07/19,0.0
759,31/07/19,0.0
760,01/08/19,0.0
761,01/08/19,0.0
762,01/08/19,0.0
763,01/08/19,0.0
764,01/08/19,0.0
765,01/08/19,0.0
766,01/08/19,0.0
767,02/08/19,0.0
768,02/08/19,0.0
769,02/08/19,0.0
770,02/08/19,-31.25
771,02/08/19,0.0
772,02/08/19,-30.0
773,02/08/19,0.0
774,02/08/19,50.0
775,02/08/19,0.0
776,02/08/19,0.0
777,02/08/19,0.0
778,02/08/19,50.0
779,02/08/19,20.0
780,03/08/19,0.0
781,03/08/19,0.0
782,03/08/19,0.0
783,04/08/19,0.0
784,04/08/19,40.0
785,06/08/19,0.0
786,07/08/19,0.0
787,07/08/19,0.0
788,07/08/19,0.0
789,07/08/19,0.0
790,08/08/19,40.0
791,08/08/19,10.0
792,09/08/19,0.0
793,12/08/19,0.0
794,13/08/19,0.0
795,13/08/19,0.0
796,13/08/19,0.0
797,13/08/19,0.0
798,13/08/19,20.0
799,13/08/19,0.0
800,13/08/19,0.0
801,13/08/19,0.0
802,13/08/19,0.0
803,13/08/19,0.0
804,13/08/19,0.0
805,13/08/19,0.0
806,13/08/19,0.0
807,13/08/19,0.0
808,13/08/19,0.0
809,13/08/19,0.0
810,13/08/19,0.0
811,13/08/19,0.0
812,13/08/19,43.75
813,13/08/19,0.0
814,13/08/19,0.0
815,13/08/19,0.0
816,13/08/19,25.0
817,13/08/19,0.0
818,13/08/19,13.636363636363635
819,13/08/19,0.0
820,13/08/19,50.0
821,14/08/19,0.0
822,14/08/19,0.0
823,14/08/19,25.0
824,14/08/19,0.0
825,15/08/19,0.0
826,15/08/19,0.0
827,15/08/19,12.5
828,15/08/19,0.0
829,15/08/19,50.0
830,15/08/19,0.0
831,15/08/19,25.0
832,15/08/19,0.0
833,15/08/19,0.0
834,15/08/19,0.0
835,15/08/19,0.0
836,15/08/19,0.0
837,16/08/19,0.0
838,16/08/19,-12.916666666666668
839,16/08/19,0.0
840,16/08/19,0.0
841,16/08/19,0.0
842,16/08/19,0.0
843,16/08/19,0.0
844,16/08/19,-7.142857142857142
845,16/08/19,-7.142857142857142
846,16/08/19,-7.142857142857142
847,16/08/19,-7.142857142857142
848,16/08/19,-7.142857142857142
849,16/08/19,-7.142857142857142
850,16/08/19,-7.1428571428571415
851,16/08/19,-7.1428571428571415
852,16/08/19,0.0
853,16/08/19,0.0
854,16/08/19,-7.1428571428571415
855,16/08/19,-7.1428571428571415
856,16/08/19,-7.1428571428571415
857,16/08/19,0.0
858,16/08/19,-7.1428571428571415
859,16/08/19,0.0
860,16/08/19,-7.1428571428571415
861,16/08/19,-7.1428571428571415
862,16/08/19,-7.1428571428571415
863,16/08/19,-7.1428571428571415
864,16/08/19,-7.1428571428571415
865,16/08/19,0.0
866,16/08/19,-7.1428571428571415
867,16/08/19,-7.1428571428571415
868,16/08/19,-7.1428571428571415
869,16/08/19,-7.1428571428571415
870,16/08/19,-7.1428571428571415
871,16/08/19,0.0
872,16/08/19,0.0
873,16/08/19,-7.1428571428571415
874,16/08/19,0.0
875,16/08/19,-7.1428571428571415
876,16/08/19,-7.1428571428571415
877,16/08/19,-7.1428571428571415
878,18/08/19,0.0
879,20/08/19,0.0
880,20/08/19,0.0
881,20/08/19,28.57142857142857
882,22/08/19,0.0
883,23/08/19,0.0
884,23/08/19,0.0
885,24/08/19,0.0
886,26/08/19,0.0
887,26/08/19,0.0
888,26/08/19,0.0
889,26/08/19,0.0
890,26/08/19,0.0
891,26/08/19,0.0
892,26/08/19,0.0
893,26/08/19,0.0
894,26/08/19,0.0
895,27/08/19,0.0
896,27/08/19,0.0
897,27/08/19,0.0
898,27/08/19,0.0
899,27/08/19,0.0
900,27/08/19,0.0
901,27/08/19,0.0
902,27/08/19,0.0
903,27/08/19,0.0
904,27/08/19,-12.5
905,27/08/19,0.0
906,27/08/19,0.0
907,27/08/19,0.0
908,27/08/19,31.25
909,27/08/19,0.0
910,27/08/19,0.0
911,27/08/19,0.0
912,27/08/19,0.0
913,27/08/19,0.0
914,27/08/19,-50.0
915,27/08/19,50.0
916,27/08/19,0.0
917,27/08/19,0.0
918,28/08/19,0.0
919,28/08/19,0.0
920,28/08/19,0.0
921,28/08/19,0.0
922,29/08/19,0.0
923,29/08/19,0.0
924,29/08/19,0.0
925,29/08/19,0.0
926,29/08/19,0.0
927,29/08/19,37.5
928,29/08/19,-6.666666666666667
929,29/08/19,0.0
930,29/08/19,0.0
931,29/08/19,23.333333333333332
932,30/08/19,0.0
933,30/08/19,0.0
934,03/09/19,0.0
935,03/09/19,0.0
936,03/09/19,0.0
937,03/09/19,0.0
938,03/09/19,0.0
939,03/09/19,0.0
940,03/09/19,0.0
941,03/09/19,0.0
942,04/09/19,0.0
943,04/09/19,0.0
944,04/09/19,0.0
945,05/09/19,0.0
946,05/09/19,16.25
947,05/09/19,0.0
948,05/09/19,-12.5
949,06/09/19,0.0
950,07/09/19,0.0
951,07/09/19,-30.0
952,07/09/19,12.5
953,11/09/19,0.0
954,11/09/19,0.0
955,11/09/19,0.0
956,11/09/19,0.0
957,11/09/19,0.0
958,11/09/19,0.0
959,11/09/19,10.0
960,11/09/19,0.0
961,11/09/19,0.0
962,11/09/19,0.0
963,13/09/19,0.0
964,13/09/19,-16.666666666666664
965,16/09/19,0.0
966,16/09/19,0.0
967,16/09/19,0.0
968,16/09/19,0.0
969,17/09/19,0.0
970,17/09/19,0.0
971,18/09/19,0.0
972,18/09/19,25.0
973,18/09/19,0.0
974,18/09/19,0.0
975,18/09/19,0.0
976,18/09/19,0.0
977,18/09/19,0.0
978,18/09/19,25.0
979,18/09/19,0.0
980,18/09/19,0.0
981,18/09/19,0.0
982,18/09/19,0.0
983,18/09/19,20.0
984,18/09/19,10.0
985,18/09/19,0.0
986,19/09/19,0.0
987,19/09/19,0.0
988,19/09/19,0.0
989,19/09/19,0.0
990,19/09/19,0.0
991,19/09/19,0.0
992,19/09/19,0.0
993,19/09/19,0.0
994,19/09/19,0.0
995,19/09/19,-1.2499999999999991
996,19/09/19,6.8181818181818175
997,20/09/19,0.0
998,20/09/19,0.0
999,20/09/19,0.0
1000,20/09/19,0.0
1001,20/09/19,0.0
1002,20/09/19,-11.11111111111111
1003,20/09/19,0.0
1004,20/09/19,0.0
1005,20/09/19,-15.0
1006,20/09/19,50.0
1007,20/09/19,0.0
1008,23/09/19,0.0
1009,23/09/19,0.0
1010,23/09/19,25.0
1011,24/09/19,5.0
1012,24/09/19,0.0
1013,24/09/19,0.0
1014,24/09/19,0.0
1015,24/09/19,0.0
1016,24/09/19,0.0
1017,24/09/19,0.0
1018,24/09/19,0.0
1019,24/09/19,0.0
1020,24/09/19,0.0
1021,24/09/19,0.0
1022,24/09/19,0.0
1023,24/09/19,-2.4999999999999996
1024,24/09/19,0.0
1025,24/09/19,5.714285714285714
1026,24/09/19,0.0
1027,24/09/19,0.0
1028,24/09/19,0.0
1029,24/09/19,0.0
1030,25/09/19,0.0
1031,25/09/19,0.0
1032,25/09/19,0.0
1033,25/09/19,0.0
1034,25/09/19,0.0
1035,25/09/19,0.0
1036,25/09/19,11.11111111111111
1037,25/09/19,0.0
1038,25/09/19,0.0
1039,26/09/19,0.0
1040,26/09/19,0.0
1041,26/09/19,0.0
1042,26/09/19,0.0
1043,26/09/19,0.0
1044,29/09/19,0.0
1045,30/09/19,0.0
1046,30/09/19,0.0
1047,30/09/19,0.0
1048,30/09/19,-20.0
1049,01/10/19,0.0
1050,01/10/19,0.0
1051,02/10/19,3.7500000000000004
1052,03/10/19,0.0
1053,03/10/19,54.083333333333336
1054,04/10/19,22.500000000000004
1055,04/10/19,0.0
1056,05/10/19,0.0
1057,05/10/19,0.0
1058,05/10/19,0.0
1059,05/10/19,0.0
1060,05/10/19,0.0
1061,05/10/19,0.0
1062,06/10/19,-10.0
1063,07/10/19,0.0
1064,07/10/19,0.0
1065,07/10/19,0.0
1066,07/10/19,0.0
1067,07/10/19,0.0
1068,07/10/19,0.0
1069,07/10/19,0.0
1070,07/10/19,0.0
1071,07/10/19,0.0
1072,08/10/19,0.0
1073,08/10/19,0.0
1074,09/10/19,0.0
1075,09/10/19,0.0
1076,09/10/19,0.0
1077,09/10/19,0.0
1078,09/10/19,0.0
1079,09/10/19,0.0
1080,09/10/19,0.0
1081,09/10/19,0.0
1082,09/10/19,0.0
1083,09/10/19,0.0
1084,09/10/19,25.0
1085,09/10/19,0.0
1086,09/10/19,0.0
1087,09/10/19,0.0
1088,09/10/19,0.0
1089,09/10/19,0.0
1090,09/10/19,8.333333333333332
1091,10/10/19,0.0
1092,10/10/19,0.0
1093,10/10/19,0.0
1094,11/10/19,0.0
1095,11/10/19,0.0
1096,11/10/19,0.0
1097,11/10/19,6.25
1098,12/10/19,0.0
1099,12/10/19,0.0
1100,12/10/19,0.0
1101,13/10/19,50.0
1102,13/10/19,0.0
1103,13/10/19,25.0
1104,14/10/19,0.0
1105,14/10/19,0.0
1106,14/10/19,0.0
1107,14/10/19,0.0
1108,14/10/19,0.0
1109,15/10/19,-30.0
1110,15/10/19,0.0
1111,16/10/19,0.0
1112,18/10/19,0.0
1113,18/10/19,0.0
1114,18/10/19,0.0
1115,18/10/19,0.0
1116,18/10/19,0.0
1117,18/10/19,0.0
1118,18/10/19,0.0
1119,18/10/19,0.0
1120,18/10/19,0.0
1121,18/10/19,0.0
1122,18/10/19,50.0
1123,19/10/19,0.0
1124,19/10/19,0.0
1125,20/10/19,4.166666666666668
1126,20/10/19,0.0
1127,20/10/19,0.0
1128,20/10/19,0.0
1129,22/10/19,0.0
1130,22/10/19,0.0
1131,23/10/19,0.0
1132,23/10/19,0.0
1133,23/10/19,0.0
1134,23/10/19,12.5
1135,23/10/19,0.0
1136,23/10/19,0.0
1137,23/10/19,10.0
1138,23/10/19,0.0
1139,23/10/19,0.0
1140,23/10/19,16.818181818181817
1141,23/10/19,0.0
1142,23/10/19,0.0
1143,25/10/19,30.000000000000004
1144,25/10/19,0.0
1145,25/10/19,0.0
1146,25/10/19,0.0
1147,25/10/19,0.0
1148,25/10/19,0.0
1149,25/10/19,0.0
1150,25/10/19,6.938893903907228e-16
1151,25/10/19,0.0
1152,25/10/19,-20.0
1153,26/10/19,85.0
1154,26/10/19,0.0
1155,27/10/19,0.0
1156,27/10/19,0.0
1157,28/10/19,0.0
1158,28/10/19,12.5
1159,28/10/19,0.0
1160,28/10/19,0.0
1161,28/10/19,0.0
1162,28/10/19,41.66666666666667
1163,31/10/19,10.0
1164,31/10/19,0.0
1165,31/10/19,0.0
1166,31/10/19,0.0
1167,31/10/19,0.0
1168,31/10/19,-6.25
1169,31/10/19,0.0
1170,31/10/19,40.0
1171,31/10/19,50.0
1172,31/10/19,0.0
1173,31/10/19,0.0
1174,31/10/19,0.0
1175,31/10/19,0.0
1176,31/10/19,0.0
1177,31/10/19,0.0
1178,31/10/19,-25.71428571428572
1179,31/10/19,0.0
1180,31/10/19,-80.0
1181,31/10/19,0.0
1182,31/10/19,0.0
1183,31/10/19,0.0
1184,31/10/19,0.0
1185,31/10/19,0.0
1186,31/10/19,0.0
1187,31/10/19,-25.0
1188,01/11/19,0.0
1189,01/11/19,25.0
1190,01/11/19,0.0
1191,01/11/19,0.0
1192,01/11/19,0.0
1193,01/11/19,0.0
1194,01/11/19,0.0
1195,01/11/19,0.0
1196,01/11/19,0.0
1197,01/11/19,0.0
1198,01/11/19,0.0
1199,01/11/19,0.0
1200,01/11/19,0.0
1201,01/11/19,25.0
1202,01/11/19,0.0
1203,03/11/19,0.0
1204,04/11/19,-11.220238095238095
1205,04/11/19,0.0
1206,04/11/19,0.0
1207,05/11/19,0.0
1208,05/11/19,0.0
1209,05/11/19,0.0
1210,05/11/19,25.0
1211,05/11/19,0.0
1212,05/11/19,0.0
1213,05/11/19,0.0
1214,05/11/19,0.0
1215,06/11/19,0.0
1216,06/11/19,0.0
1217,06/11/19,0.0
1218,06/11/19,0.0
1219,06/11/19,19.609375
1220,06/11/19,0.0
1221,06/11/19,0.0
1222,06/11/19,0.0
1223,06/11/19,0.0
1224,06/11/19,0.0
1225,06/11/19,0.0
1226,06/11/19,0.0
1227,06/11/19,0.0
1228,06/11/19,0.0
1229,07/11/19,0.0
1230,07/11/19,0.0
1231,07/11/19,0.0
1232,07/11/19,0.0
1233,07/11/19,25.0
1234,07/11/19,0.0
1235,08/11/19,0.0
1236,08/11/19,0.0
1237,08/11/19,50.0
1238,08/11/19,0.0
1239,08/11/19,0.0
1240,08/11/19,-10.0
1241,08/11/19,0.0
1242,08/11/19,0.0
1243,08/11/19,0.0
1244,11/11/19,0.0
1245,11/11/19,0.0
1246,11/11/19,0.0
1247,11/11/19,0.0
1248,11/11/19,0.0
1249,11/11/19,0.0
1250,11/11/19,0.0
1251,11/11/19,0.0
1252,11/11/19,0.0
1253,11/11/19,0.0
1254,11/11/19,0.0
1255,11/11/19,10.0
1256,11/11/19,0.0
1257,11/11/19,0.0
1258,11/11/19,0.0
1259,11/11/19,0.0
1260,11/11/19,16.666666666666664
1261,11/11/19,0.0
1262,11/11/19,0.0
1263,11/11/19,0.0
1264,11/11/19,0.0
1265,11/11/19,0.0
1266,11/11/19,0.0
1267,12/11/19,0.0
1268,13/11/19,0.0
1269,13/11/19,0.0
1270,13/11/19,0.0
1271,13/11/19,0.0
1272,13/11/19,25.0
1273,13/11/19,0.0
1274,13/11/19,0.0
1275,13/11/19,0.0
1276,13/11/19,4.166666666666667
1277,14/11/19,31.0
1278,15/11/19,0.0
1279,15/11/19,0.0
1280,15/11/19,0.0
1281,15/11/19,0.0
1282,15/11/19,0.0
1283,15/11/19,50.0
1284,15/11/19,10.0
1285,15/11/19,0.0
1286,15/11/19,70.0
1287,15/11/19,0.0
1288,15/11/19,25.0
1289,15/11/19,0.0
1290,15/11/19,12.5
1291,15/11/19,0.0
1292,15/11/19,50.0
1293,15/11/19,0.0
1294,15/11/19,0.0
1295,15/11/19,0.0
1296,15/11/19,0.0
1297,15/11/19,0.0
1298,16/11/19,0.0
1299,16/11/19,0.0
1300,18/11/19,0.0
1301,19/11/19,0.0
1302,19/11/19,0.0
1303,19/11/19,0.0
1304,19/11/19,0.0
1305,19/11/19,28.57142857142857
1306,21/11/19,0.0
1307,21/11/19,0.0
1308,21/11/19,0.0
1309,21/11/19,0.0
1310,21/11/19,-20.0
1311,21/11/19,20.0
1312,21/11/19,0.0
1313,21/11/19,0.0
1314,21/11/19,0.0
1315,21/11/19,0.0
1316,21/11/19,0.0
1317,22/11/19,0.0
1318,22/11/19,0.0
1319,22/11/19,0.0
1320,22/11/19,0.0
1321,22/11/19,0.0
1322,22/11/19,0.0
1323,22/11/19,0.0
1324,28/11/19,0.0
1325,29/11/19,0.0
1326,29/11/19,0.0
1327,29/11/19,0.0
1328,29/11/19,0.0
1329,02/12/19,13.636363636363635
1330,02/12/19,0.0
1331,02/12/19,0.0
1332,02/12/19,0.0
1333,04/12/19,40.0
1334,04/12/19,0.0
1335,05/12/19,0.0
1336,06/12/19,0.0
1337,06/12/19,0.0
1338,06/12/19,0.0
1339,06/12/19,0.0
1340,06/12/19,0.0
1341,06/12/19,0.0
1342,06/12/19,0.0
1343,06/12/19,0.0
1344,06/12/19,0.0
1345,06/12/19,0.0
1346,06/12/19,0.0
1347,06/12/19,0.0
1348,06/12/19,12.5
1349,06/12/19,0.0
1350,06/12/19,0.0
1351,06/12/19,0.0
1352,06/12/19,-8.854166666666666
1353,06/12/19,0.0
1354,06/12/19,0.0
1355,06/12/19,-9.375
1356,06/12/19,0.0
1357,06/12/19,0.0
1358,07/12/19,46.43939393939394
1359,07/12/19,0.0
1360,08/12/19,0.0
1361,08/12/19,0.0
1362,08/12/19,0.0
1363,09/12/19,0.0
1364,09/12/19,0.0
1365,09/12/19,-50.0
1366,09/12/19,0.0
1367,09/12/19,0.0
1368,09/12/19,0.0
1369,09/12/19,0.0
1370,09/12/19,0.0
1371,09/12/19,0.0
1372,09/12/19,0.0
1373,09/12/19,-50.0
1374,09/12/19,0.0
1375,09/12/19,0.0
1376,09/12/19,13.750000000000002
1377,10/12/19,0.0
1378,10/12/19,0.0
1379,10/12/19,0.0
1380,10/12/19,0.0
1381,10/12/19,0.0
1382,10/12/19,0.0
1383,10/12/19,0.0
1384,10/12/19,0.0
1385,11/12/19,0.0
1386,11/12/19,0.0
1387,11/12/19,0.0
1388,11/12/19,0.0
1389,11/12/19,17.5
1390,11/12/19,0.0
1391,11/12/19,0.0
1392,11/12/19,0.0
1393,12/12/19,0.0
1394,12/12/19,0.0
1395,12/12/19,0.0
1396,12/12/19,0.0
1397,12/12/19,0.0
1398,12/12/19,50.0
1399,12/12/19,0.0
1400,12/12/19,0.0
1401,12/12/19,0.0
1402,12/12/19,45.0
1403,12/12/19,0.0
1404,13/12/19,-10.0
1405,13/12/19,0.0
1406,13/12/19,0.0
1407,13/12/19,0.0
1408,01/01/20,30.35714285714286
1409,01/01/20,0.0
1410,01/01/20,0.0
1411,01/01/20,0.0
1412,01/01/20,0.0
1413,01/01/20,40.0
1414,01/01/20,0.0
1415,02/01/20,0.0
1416,02/01/20,0.0
1417,02/01/20,50.0
1418,02/01/20,0.0
1419,02/01/20,0.0
1420,02/01/20,25.0
1421,02/01/20,0.0
1422,02/01/20,30.0
1423,03/01/20,0.0
1424,03/01/20,0.0
1425,06/01/20,0.0
1426,06/01/20,50.0
1427,06/01/20,0.0
1428,06/01/20,0.0
1429,06/01/20,0.0
1430,06/01/20,0.0
1431,07/01/20,0.0
1432,07/01/20,0.0
1433,07/01/20,0.0
1434,07/01/20,0.0
1435,07/01/20,0.0
1436,07/01/20,0.0
1437,07/01/20,0.0
1438,07/01/20,0.0
1439,07/01/20,0.0
1440,07/01/20,0.0
1441,07/01/20,0.0
1442,08/01/20,0.0
1443,08/01/20,0.0
1444,08/01/20,0.0
1445,08/01/20,0.0
1446,08/01/20,7.7777777777777795
1447,08/01/20,40.0
1448,08/01/20,0.0
1449,09/01/20,31.0
1450,10/01/20,-6.666666666666667
1451,10/01/20,0.0
1452,13/01/20,0.0
1453,13/01/20,0.0
1454,14/01/20,0.0
1455,14/01/20,-10.0
1456,14/01/20,0.0
1457,14/01/20,0.0
1458,14/01/20,0.0
1459,14/01/20,0.0
1460,14/01/20,0.0
1461,15/01/20,0.0
1462,15/01/20,0.0
1463,16/01/20,0.0
1464,17/01/20,0.0
1465,17/01/20,40.0
1466,18/01/20,0.0
1467,18/01/20,0.0
1468,18/01/20,0.0
1469,18/01/20,0.0
1470,20/01/20,0.0
1471,20/01/20,0.0
1472,20/01/20,0.0
1473,20/01/20,0.0
1474,20/01/20,0.0
1475,20/01/20,25.0
1476,21/01/20,0.0
1477,21/01/20,12.5
1478,21/01/20,15.0
1479,22/01/20,0.0
1480,22/01/20,-25.0
1481,24/01/20,0.0
1482,24/01/20,0.0
1483,26/01/20,0.0
1484,27/01/20,0.0
1485,27/01/20,0.0
1486,28/01/20,0.0
1487,28/01/20,0.0
1488,28/01/20,-12.5
1489,28/01/20,0.0
1490,29/01/20,0.0
1491,30/01/20,0.0
1492,30/01/20,0.0
1493,31/01/20,0.0
1494,31/01/20,0.0
1495,31/01/20,0.0
1496,31/01/20,0.0
1497,31/01/20,0.0
1498,31/01/20,0.0
1499,31/01/20,0.0
1500,31/01/20,-50.0
1501,31/01/20,0.0
1502,31/01/20,0.0
1503,31/01/20,0.0
1504,01/02/20,0.0
1505,02/02/20,0.0
1506,02/02/20,0.0
1507,02/02/20,40.0
1508,03/02/20,0.0
1509,03/02/20,0.0
1510,03/02/20,0.0
1511,03/02/20,0.0
1512,03/02/20,0.0
1513,03/02/20,0.0
1514,03/02/20,0.0
1515,03/02/20,0.0
1516,04/02/20,0.0
1517,04/02/20,0.0
1518,04/02/20,18.88888888888889
1519,04/02/20,0.0
1520,04/02/20,0.0
1521,05/02/20,0.0
1522,05/02/20,0.0
1523,05/02/20,0.0
1524,05/02/20,0.0
1525,05/02/20,0.0
1526,06/02/20,-7.5
1527,06/02/20,49.404761904761905
1528,10/02/20,0.0
1529,10/02/20,0.0
1530,11/02/20,0.0
1531,11/02/20,0.0
1532,11/02/20,0.0
1533,11/02/20,0.0
1534,11/02/20,0.0
1535,11/02/20,0.0
1536,12/02/20,-25.0
1537,12/02/20,13.888888888888888
1538,13/02/20,0.0
1539,13/02/20,-25.0
1540,13/02/20,0.0
1541,13/02/20,0.0
1542,13/02/20,0.0
1543,13/02/20,0.0
1544,13/02/20,4.166666666666666
1545,14/02/20,0.0
1546,15/02/20,0.0
1547,15/02/20,0.0
1548,15/02/20,0.0
1549,15/02/20,0.0
1550,16/02/20,0.0
1551,16/02/20,0.0
1552,16/02/20,0.0
1553,17/02/20,0.0
1554,17/02/20,0.0
1555,17/02/20,7.0138888888888875
1556,18/02/20,0.0
1557,18/02/20,0.0
1558,18/02/20,0.0
1559,18/02/20,0.0
1560,20/02/20,0.0
1561,21/02/20,3.3333333333333335
1562,21/02/20,0.0
1563,22/02/20,0.0
1564,25/02/20,0.0
1565,25/02/20,0.0
1566,25/02/20,27.083333333333336
1567,26/02/20,25.0
1568,29/02/20,0.0
1569,02/03/20,70.0
1570,02/03/20,0.0
1571,02/03/20,0.0
1572,02/03/20,0.0
1573,03/03/20,0.0
1574,03/03/20,0.0
1575,04/03/20,0.0
1576,04/03/20,0.0
1577,04/03/20,50.0
1578,05/03/20,0.0
1579,06/03/20,0.0
1580,07/03/20,0.0
1581,08/03/20,5.0
1582,11/03/20,0.0
1583,12/03/20,0.0
1584,12/03/20,0.0
1585,13/03/20,0.0
1586,13/03/20,0.0
1587,13/03/20,-50.0
1588,13/03/20,50.0
1589,13/03/20,0.0
1590,14/03/20,0.0
1591,14/03/20,0.0
1592,14/03/20,0.0
1593,15/03/20,0.0
1594,16/03/20,0.0
1595,26/03/20,0.0
1596,27/03/20,0.0
1597,27/03/20,0.0
1598,01/04/20,0.0
1599,02/04/20,0.0
1600,02/04/20,0.0
1601,13/04/20,33.33333333333333
1602,13/04/20,0.0
1603,13/04/20,70.0
1604,13/04/20,0.0
1605,13/04/20,0.0
1606,13/04/20,0.0
1607,13/04/20,0.0
1608,13/04/20,0.0
1609,13/04/20,50.0
1610,13/04/20,0.0
1611,13/04/20,0.0
1612,13/04/20,0.0
1613,13/04/20,0.0
1614,13/04/20,0.0
1615,13/04/20,50.0
1616,13/04/20,0.0
1617,13/04/20,0.0
1618,13/04/20,0.0
1619,13/04/20,0.0
1620,15/04/20,-7.142857142857142
1621,15/04/20,0.0
1622,15/04/20,0.0
1623,15/04/20,0.0
1624,15/04/20,0.0
1625,15/04/20,0.0
1626,16/04/20,-16.666666666666664
1627,16/04/20,0.0
1628,16/04/20,0.0
1629,16/04/20,0.0
1630,16/04/20,0.0
1631,16/04/20,-5.714285714285715
1632,16/04/20,0.0
1633,16/04/20,0.0
1634,16/04/20,0.0
1635,16/04/20,0.0
1636,16/04/20,-10.0
1637,19/04/20,0.0
1638,19/04/20,0.0
1639,20/04/20,0.0
1640,20/04/20,0.0
1641,20/04/20,0.0
1642,20/04/20,0.0
1643,21/04/20,37.5
1644,21/04/20,0.0
1645,21/04/20,0.0
1646,22/04/20,0.0
1647,25/04/20,0.0
1648,25/04/20,0.0
1649,30/04/20,0.0
1650,30/04/20,50.0
1651,30/04/20,-20.0
1652,01/05/20,0.0
1653,01/05/20,0.0
1654,01/05/20,0.0
1655,05/05/20,0.0
1656,05/05/20,0.0
1657,05/05/20,0.0
1658,05/05/20,39.0
1659,05/05/20,0.0
1660,09/05/20,33.33333333333333
1661,09/05/20,60.0
1662,09/05/20,0.0
1663,09/05/20,49.16666666666667
1664,11/05/20,0.0
1665,11/05/20,0.0
1666,21/05/20,0.0
1667,21/05/20,0.0
1668,21/05/20,0.0
1669,21/05/20,0.0
1670,21/05/20,0.0
1671,21/05/20,0.0
1672,21/05/20,0.0
1673,21/05/20,20.0
1674,21/05/20,0.0
1675,21/05/20,0.0
1676,21/05/20,0.0
1677,21/05/20,0.0
1678,22/05/20,19.62037037037037
1679,22/05/20,0.0
1680,22/05/20,35.0
1681,22/05/20,0.0
1682,23/05/20,0.0
1683,23/05/20,0.0
1684,23/05/20,0.0
1685,23/05/20,0.0
1686,23/05/20,0.0
1687,23/05/20,0.0
1688,23/05/20,0.0
1689,25/05/20,0.0
1690,27/05/20,0.0
1691,27/05/20,0.0
1692,27/05/20,0.0
1693,28/05/20,0.0
1694,28/05/20,0.0
1695,28/05/20,0.0
1696,29/05/20,-25.0
1697,29/05/20,0.0
1698,29/05/20,0.0
1699,29/05/20,-12.5
1700,29/05/20,0.0
1701,29/05/20,0.0
1702,30/05/20,0.0
1703,30/05/20,25.0
1704,30/05/20,25.0
1705,03/06/20,0.0
1706,03/06/20,0.0
1707,03/06/20,13.750000000000002
1708,03/06/20,0.0
1709,03/06/20,0.0
1710,04/06/20,0.0
1711,04/06/20,50.0
1712,04/06/20,0.0
1713,05/06/20,31.25
1714,05/06/20,-6.25
1715,05/06/20,0.0
1716,05/06/20,0.0
1717,05/06/20,0.0
1718,05/06/20,0.0
1719,05/06/20,20.0
1720,05/06/20,0.0
1721,06/06/20,20.0
1722,06/06/20,0.0
1723,06/06/20,0.0
1724,06/06/20,0.0
1725,06/06/20,0.0
1726,06/06/20,0.0
1727,06/06/20,0.0
1728,06/06/20,60.0
1729,06/06/20,0.0
1730,06/06/20,0.0
1731,06/06/20,50.0
1732,06/06/20,-5.0
1733,06/06/20,0.0
1734,06/06/20,13.636363636363635
1735,06/06/20,0.0
1736,06/06/20,-16.666666666666664
1737,07/06/20,50.0
1738,07/06/20,0.0
1739,07/06/20,0.0
1740,07/06/20,7.366071428571427
1741,08/06/20,24.285714285714285
1742,08/06/20,13.636363636363635
1743,08/06/20,0.0
1744,08/06/20,0.0
1745,08/06/20,0.0
1746,08/06/20,0.0
1747,08/06/20,0.0
1748,08/06/20,0.0
1749,24/06/20,0.0
1750,24/06/20,8.0
1751,24/06/20,0.0
1752,29/06/20,0.0
1753,06/07/20,0.0
1754,14/07/20,40.0
1755,14/07/20,0.0
1756,15/07/20,0.0
1757,15/07/20,20.0
1758,20/07/20,0.0
1759,20/07/20,0.0
1760,20/07/20,0.0
1761,21/07/20,0.0
1762,22/07/20,0.0
1763,23/07/20,0.0
1764,23/07/20,0.0
1765,27/07/20,-30.0
1766,29/07/20,0.0
1767,31/07/20,-12.5
1768,31/07/20,-16.666666666666664
1769,01/08/20,12.272727272727273
1770,01/08/20,0.0
1771,01/08/20,0.0
1772,02/08/20,0.0
1773,02/08/20,0.0
1774,02/08/20,0.0
1775,02/08/20,0.0
1776,02/08/20,0.0
1777,10/08/20,0.0
1778,10/08/20,0.0
1779,10/08/20,0.0
